<?xml version="1.0" ?>
<COMPOUND>
  <!--***************************************************************************************************************-->
  <GENERAL LinearVelocityLossPerSecond="0" AngularVelocityLossPerSecond="0" InitialScaleX="1" InitialScaleY="1" InitialScaleZ="1"
           DestructionDelay="1" EffectMultiplierKill="1" EffectMultiplierDestroy="1"
           EffectsMaskKill="00000000000000000000000000000000" EffectsMaskDestroy="00000000000000000000000000000000" />
  <!--***************************************************************************************************************-->
  <HULL Number="21">

   <!-- Main hull ***************************************************************************************************************-->

    <Hull HullType="0">
      <ObjectData ModelFileName="daimon_III_0.mesh" ScaleX="1" ScaleY="1" ScaleZ="1"
                  PositionX="0" PositionY="0" PositionZ="0"
                  OrientationW="1" OrientationX="0" OrientationY="0" OrientationZ="0" />
      <PhysicalObjectData CollisionModelFileName="daimon_III_0.obj" ObjectMass="1.0" ObjectMaterial="5" />
      <AliveObjectData ObjectMaximumLife="200" ObjectArmor="0" 
                       DestructionDelay="0" EffectMultiplierKill="1" EffectMultiplierDestroy="1"
                       EffectsMaskKill="00000001010000000000000000010110" EffectsMaskDestroy="00000001010000000000000000010110" />
      <ComponentData HullIndexParent="-1"
                     LocalDirectionX="0" LocalDirectionY="0" LocalDirectionZ="0" />
    </Hull>

   <!-- Top weak point ***************************************************************************************************************-->

    <Hull HullType="1">
      <ObjectData ModelFileName="weakpoint1.mesh" ScaleX="0.24" ScaleY="0.24" ScaleZ="0.24"
                  PositionX="0" PositionY="0.875999" PositionZ="0"
                  OrientationW="1" OrientationX="0" OrientationY="0" OrientationZ="0" />
      <PhysicalObjectData CollisionModelFileName="weakpoint1.obj" ObjectMass="0.05" ObjectMaterial="5" />
      <AliveObjectData ObjectMaximumLife="10" ObjectArmor="0" 
                       DestructionDelay="0" EffectMultiplierKill="1" EffectMultiplierDestroy="1"
                       EffectsMaskKill="00000001010000000000000000010110" EffectsMaskDestroy="00000001010000000000000000010110" />
      <ComponentData HullIndexParent="-1"
                     LocalDirectionX="0" LocalDirectionY="0" LocalDirectionZ="0" />
      <HullVitalData VitalCoreModelFileName="vitalcore.mesh" VitalHullLayer="1" />
    </Hull>

   <!-- Top hull ***************************************************************************************************************-->

    <Hull HullType="0">
      <ObjectData ModelFileName="daimon_III_1.mesh" ScaleX="0.34" ScaleY="0.34" ScaleZ="0.34"
                  PositionX="0" PositionY="1.36" PositionZ="0"
                  OrientationW="1" OrientationX="0" OrientationY="0" OrientationZ="0" />
      <PhysicalObjectData CollisionModelFileName="daimon_III_1.obj" ObjectMass="0.05" ObjectMaterial="5" />
      <AliveObjectData ObjectMaximumLife="10" ObjectArmor="0" 
                       DestructionDelay="0" EffectMultiplierKill="1" EffectMultiplierDestroy="1"
                       EffectsMaskKill="00000001010000000000000000010110" EffectsMaskDestroy="00000001010000000000000000010110" />
      <ComponentData HullIndexParent="-1"
                     LocalDirectionX="0" LocalDirectionY="0" LocalDirectionZ="0" />
    </Hull>

   <!-- Bottom weak point ***************************************************************************************************************-->

    <Hull HullType="1">
      <ObjectData ModelFileName="weakpoint1.mesh" ScaleX="0.24" ScaleY="0.24" ScaleZ="0.24"
                  PositionX="0" PositionY="-0.875999" PositionZ="0"
                  OrientationW="1" OrientationX="0" OrientationY="0" OrientationZ="0" />
      <PhysicalObjectData CollisionModelFileName="weakpoint1.obj" ObjectMass="0.05" ObjectMaterial="5" />
      <AliveObjectData ObjectMaximumLife="10" ObjectArmor="0" 
                       DestructionDelay="0" EffectMultiplierKill="1" EffectMultiplierDestroy="1"
                       EffectsMaskKill="00000001010000000000000000010110" EffectsMaskDestroy="00000001010000000000000000010110" />
      <ComponentData HullIndexParent="-1"
                     LocalDirectionX="0" LocalDirectionY="0" LocalDirectionZ="0" />
      <HullVitalData VitalCoreModelFileName="vitalcore.mesh" VitalHullLayer="1" />
    </Hull>

   <!-- Bottom hull ***************************************************************************************************************-->

    <Hull HullType="0">
      <ObjectData ModelFileName="daimon_III_1.mesh" ScaleX="0.34" ScaleY="0.34" ScaleZ="0.34"
                  PositionX="0" PositionY="-1.36" PositionZ="0"
                  OrientationW="0" OrientationX="0" OrientationY="0" OrientationZ="1" />
      <PhysicalObjectData CollisionModelFileName="daimon_III_1.obj" ObjectMass="0.05" ObjectMaterial="5" />
      <AliveObjectData ObjectMaximumLife="10" ObjectArmor="0" 
                       DestructionDelay="0" EffectMultiplierKill="1" EffectMultiplierDestroy="1"
                       EffectsMaskKill="00000001010000000000000000010110" EffectsMaskDestroy="00000001010000000000000000010110" />
      <ComponentData HullIndexParent="-1"
                     LocalDirectionX="0" LocalDirectionY="0" LocalDirectionZ="0" />
    </Hull>

   <!-- Weak points right column ***************************************************************************************************************-->

    <Hull HullType="1">
      <ObjectData ModelFileName="weakpoint1.mesh" ScaleX="0.24" ScaleY="0.24" ScaleZ="0.24"
                  PositionX="-0.64" PositionY="0.875999" PositionZ="0.12"
                  OrientationW="1" OrientationX="0" OrientationY="0" OrientationZ="0" />
      <PhysicalObjectData CollisionModelFileName="weakpoint1.obj" ObjectMass="0.05" ObjectMaterial="5" />
      <AliveObjectData ObjectMaximumLife="10" ObjectArmor="0" 
                       DestructionDelay="0" EffectMultiplierKill="1" EffectMultiplierDestroy="1"
                       EffectsMaskKill="00000001010000000000000000010110" EffectsMaskDestroy="00000001010000000000000000010110" />
      <ComponentData HullIndexParent="-1"
                     LocalDirectionX="0" LocalDirectionY="0" LocalDirectionZ="0" />
      <HullVitalData VitalCoreModelFileName="vitalcore.mesh" VitalHullLayer="1" />
    </Hull>

    <Hull HullType="1">
      <ObjectData ModelFileName="weakpoint1.mesh" ScaleX="0.24" ScaleY="0.24" ScaleZ="0.24"
                  PositionX="-0.82" PositionY="0.36" PositionZ="0"
                  OrientationW="1" OrientationX="0" OrientationY="0" OrientationZ="0" />
      <PhysicalObjectData CollisionModelFileName="weakpoint1.obj" ObjectMass="0.05" ObjectMaterial="5" />
      <AliveObjectData ObjectMaximumLife="10" ObjectArmor="0" 
                       DestructionDelay="0" EffectMultiplierKill="1" EffectMultiplierDestroy="1"
                       EffectsMaskKill="00000001010000000000000000010110" EffectsMaskDestroy="00000001010000000000000000010110" />
      <ComponentData HullIndexParent="-1"
                     LocalDirectionX="0" LocalDirectionY="0" LocalDirectionZ="0" />
      <HullVitalData VitalCoreModelFileName="vitalcore.mesh" VitalHullLayer="1" />
    </Hull>

    <Hull HullType="1">
      <ObjectData ModelFileName="weakpoint1.mesh" ScaleX="0.24" ScaleY="0.24" ScaleZ="0.24"
                  PositionX="-0.82" PositionY="-0.36" PositionZ="0"
                  OrientationW="1" OrientationX="0" OrientationY="0" OrientationZ="0" />
      <PhysicalObjectData CollisionModelFileName="weakpoint1.obj" ObjectMass="0.05" ObjectMaterial="5" />
      <AliveObjectData ObjectMaximumLife="10" ObjectArmor="0" 
                       DestructionDelay="0" EffectMultiplierKill="1" EffectMultiplierDestroy="1"
                       EffectsMaskKill="00000001010000000000000000010110" EffectsMaskDestroy="00000001010000000000000000010110" />
      <ComponentData HullIndexParent="-1"
                     LocalDirectionX="0" LocalDirectionY="0" LocalDirectionZ="0" />
      <HullVitalData VitalCoreModelFileName="vitalcore.mesh" VitalHullLayer="1" />
    </Hull>

    <Hull HullType="1">
      <ObjectData ModelFileName="weakpoint1.mesh" ScaleX="0.24" ScaleY="0.24" ScaleZ="0.24"
                  PositionX="-0.64" PositionY="-0.875999" PositionZ="0.12"
                  OrientationW="1" OrientationX="0" OrientationY="0" OrientationZ="0" />
      <PhysicalObjectData CollisionModelFileName="weakpoint1.obj" ObjectMass="0.05" ObjectMaterial="5" />
      <AliveObjectData ObjectMaximumLife="10" ObjectArmor="0" 
                       DestructionDelay="0" EffectMultiplierKill="1" EffectMultiplierDestroy="1"
                       EffectsMaskKill="00000001010000000000000000010110" EffectsMaskDestroy="00000001010000000000000000010110" />
      <ComponentData HullIndexParent="-1"
                     LocalDirectionX="0" LocalDirectionY="0" LocalDirectionZ="0" />
      <HullVitalData VitalCoreModelFileName="vitalcore.mesh" VitalHullLayer="1" />
    </Hull>

   <!-- Thorns right column ***************************************************************************************************************-->

    <Hull HullType="0">
      <ObjectData ModelFileName="daimon_III_3.mesh" ScaleX="1" ScaleY="1" ScaleZ="1"
                  PositionX="-1.96" PositionY="0.36" PositionZ="0"
                  OrientationW="0" OrientationX="0" OrientationY="0" OrientationZ="1" />
      <PhysicalObjectData CollisionModelFileName="daimon_III_3.obj" ObjectMass="0.05" ObjectMaterial="5" />
      <AliveObjectData ObjectMaximumLife="10" ObjectArmor="0" 
                       DestructionDelay="0" EffectMultiplierKill="1" EffectMultiplierDestroy="1"
                       EffectsMaskKill="00000001010000000000000000010110" EffectsMaskDestroy="00000001010000000000000000010110" />
      <ComponentData HullIndexParent="-1"
                     LocalDirectionX="0" LocalDirectionY="0" LocalDirectionZ="0" />
    </Hull>

    <Hull HullType="0">
      <ObjectData ModelFileName="daimon_III_3.mesh" ScaleX="1" ScaleY="1" ScaleZ="1"
                  PositionX="-1.96" PositionY="-0.36" PositionZ="0"
                  OrientationW="0" OrientationX="0" OrientationY="0" OrientationZ="1" />
      <PhysicalObjectData CollisionModelFileName="daimon_III_3.obj" ObjectMass="0.05" ObjectMaterial="5" />
      <AliveObjectData ObjectMaximumLife="10" ObjectArmor="0" 
                       DestructionDelay="0" EffectMultiplierKill="1" EffectMultiplierDestroy="1"
                       EffectsMaskKill="00000001010000000000000000010110" EffectsMaskDestroy="00000001010000000000000000010110" />
      <ComponentData HullIndexParent="-1"
                     LocalDirectionX="0" LocalDirectionY="0" LocalDirectionZ="0" />
    </Hull>


   <!-- Panels right column ***************************************************************************************************************-->

    <Hull HullType="0">
      <ObjectData ModelFileName="daimon_III_2.mesh" ScaleX="0.88" ScaleY="0.88" ScaleZ="0.88"
                  PositionX="-1.42" PositionY="0.37" PositionZ="0.2"
                  OrientationW="0" OrientationX="0" OrientationY="1" OrientationZ="0" />
      <PhysicalObjectData CollisionModelFileName="daimon_III_2.obj" ObjectMass="0.05" ObjectMaterial="5" />
      <AliveObjectData ObjectMaximumLife="10" ObjectArmor="0" 
                       DestructionDelay="0" EffectMultiplierKill="1" EffectMultiplierDestroy="1"
                       EffectsMaskKill="00000001010000000000000000010110" EffectsMaskDestroy="00000001010000000000000000010110" />
      <ComponentData HullIndexParent="-1"
                     LocalDirectionX="0" LocalDirectionY="0" LocalDirectionZ="0" />
    </Hull>

    <Hull HullType="0">
      <ObjectData ModelFileName="daimon_III_2.mesh" ScaleX="0.88" ScaleY="0.88" ScaleZ="0.88"
                  PositionX="-1.42" PositionY="-0.37" PositionZ="0.2"
                  OrientationW="0" OrientationX="0" OrientationY="0" OrientationZ="1" />
      <PhysicalObjectData CollisionModelFileName="daimon_III_2.obj" ObjectMass="0.05" ObjectMaterial="5" />
      <AliveObjectData ObjectMaximumLife="10" ObjectArmor="0" 
                       DestructionDelay="0" EffectMultiplierKill="1" EffectMultiplierDestroy="1"
                       EffectsMaskKill="00000001010000000000000000010110" EffectsMaskDestroy="00000001010000000000000000010110" />
      <ComponentData HullIndexParent="-1"
                     LocalDirectionX="0" LocalDirectionY="0" LocalDirectionZ="0" />
    </Hull>

   <!-- Weak points left column ***************************************************************************************************************-->

    <Hull HullType="1">
      <ObjectData ModelFileName="weakpoint1.mesh" ScaleX="0.24" ScaleY="0.24" ScaleZ="0.24"
                  PositionX="0.64" PositionY="0.875999" PositionZ="0.12"
                  OrientationW="1" OrientationX="0" OrientationY="0" OrientationZ="0" />
      <PhysicalObjectData CollisionModelFileName="weakpoint1.obj" ObjectMass="0.05" ObjectMaterial="5" />
      <AliveObjectData ObjectMaximumLife="10" ObjectArmor="0" 
                       DestructionDelay="0" EffectMultiplierKill="1" EffectMultiplierDestroy="1"
                       EffectsMaskKill="00000001010000000000000000010110" EffectsMaskDestroy="00000001010000000000000000010110" />
      <ComponentData HullIndexParent="-1"
                     LocalDirectionX="0" LocalDirectionY="0" LocalDirectionZ="0" />
      <HullVitalData VitalCoreModelFileName="vitalcore.mesh" VitalHullLayer="1" />
    </Hull>

    <Hull HullType="1">
      <ObjectData ModelFileName="weakpoint1.mesh" ScaleX="0.24" ScaleY="0.24" ScaleZ="0.24"
                  PositionX="0.82" PositionY="0.36" PositionZ="0"
                  OrientationW="1" OrientationX="0" OrientationY="0" OrientationZ="0" />
      <PhysicalObjectData CollisionModelFileName="weakpoint1.obj" ObjectMass="0.05" ObjectMaterial="5" />
      <AliveObjectData ObjectMaximumLife="10" ObjectArmor="0" 
                       DestructionDelay="0" EffectMultiplierKill="1" EffectMultiplierDestroy="1"
                       EffectsMaskKill="00000001010000000000000000010110" EffectsMaskDestroy="00000001010000000000000000010110" />
      <ComponentData HullIndexParent="-1"
                     LocalDirectionX="0" LocalDirectionY="0" LocalDirectionZ="0" />
      <HullVitalData VitalCoreModelFileName="vitalcore.mesh" VitalHullLayer="1" />
    </Hull>

    <Hull HullType="1">
      <ObjectData ModelFileName="weakpoint1.mesh" ScaleX="0.24" ScaleY="0.24" ScaleZ="0.24"
                  PositionX="0.82" PositionY="-0.36" PositionZ="0"
                  OrientationW="1" OrientationX="0" OrientationY="0" OrientationZ="0" />
      <PhysicalObjectData CollisionModelFileName="weakpoint1.obj" ObjectMass="0.05" ObjectMaterial="5" />
      <AliveObjectData ObjectMaximumLife="10" ObjectArmor="0" 
                       DestructionDelay="0" EffectMultiplierKill="1" EffectMultiplierDestroy="1"
                       EffectsMaskKill="00000001010000000000000000010110" EffectsMaskDestroy="00000001010000000000000000010110" />
      <ComponentData HullIndexParent="-1"
                     LocalDirectionX="0" LocalDirectionY="0" LocalDirectionZ="0" />
      <HullVitalData VitalCoreModelFileName="vitalcore.mesh" VitalHullLayer="1" />
    </Hull>

    <Hull HullType="1">
      <ObjectData ModelFileName="weakpoint1.mesh" ScaleX="0.24" ScaleY="0.24" ScaleZ="0.24"
                  PositionX="0.64" PositionY="-0.875999" PositionZ="0.12"
                  OrientationW="1" OrientationX="0" OrientationY="0" OrientationZ="0" />
      <PhysicalObjectData CollisionModelFileName="weakpoint1.obj" ObjectMass="0.05" ObjectMaterial="5" />
      <AliveObjectData ObjectMaximumLife="10" ObjectArmor="0" 
                       DestructionDelay="0" EffectMultiplierKill="1" EffectMultiplierDestroy="1"
                       EffectsMaskKill="00000001010000000000000000010110" EffectsMaskDestroy="00000001010000000000000000010110" />
      <ComponentData HullIndexParent="-1"
                     LocalDirectionX="0" LocalDirectionY="0" LocalDirectionZ="0" />
      <HullVitalData VitalCoreModelFileName="vitalcore.mesh" VitalHullLayer="1" />
    </Hull>

   <!-- Thorns left column ***************************************************************************************************************-->

    <Hull HullType="0">
      <ObjectData ModelFileName="daimon_III_3.mesh" ScaleX="1" ScaleY="1" ScaleZ="1"
                  PositionX="1.96" PositionY="0.36" PositionZ="0"
                  OrientationW="1" OrientationX="0" OrientationY="0" OrientationZ="0" />
      <PhysicalObjectData CollisionModelFileName="daimon_III_3.obj" ObjectMass="0.05" ObjectMaterial="5" />
      <AliveObjectData ObjectMaximumLife="10" ObjectArmor="0" 
                       DestructionDelay="0" EffectMultiplierKill="1" EffectMultiplierDestroy="1"
                       EffectsMaskKill="00000001010000000000000000010110" EffectsMaskDestroy="00000001010000000000000000010110" />
      <ComponentData HullIndexParent="-1"
                     LocalDirectionX="0" LocalDirectionY="0" LocalDirectionZ="0" />
    </Hull>

    <Hull HullType="0">
      <ObjectData ModelFileName="daimon_III_3.mesh" ScaleX="1" ScaleY="1" ScaleZ="1"
                  PositionX="1.96" PositionY="-0.36" PositionZ="0"
                  OrientationW="0" OrientationX="1" OrientationY="0" OrientationZ="0" />
      <PhysicalObjectData CollisionModelFileName="daimon_III_3.obj" ObjectMass="0.05" ObjectMaterial="5" />
      <AliveObjectData ObjectMaximumLife="10" ObjectArmor="0" 
                       DestructionDelay="0" EffectMultiplierKill="1" EffectMultiplierDestroy="1"
                       EffectsMaskKill="00000001010000000000000000010110" EffectsMaskDestroy="00000001010000000000000000010110" />
      <ComponentData HullIndexParent="-1"
                     LocalDirectionX="0" LocalDirectionY="0" LocalDirectionZ="0" />
    </Hull>


   <!-- Panels left column ***************************************************************************************************************-->

    <Hull HullType="0">
      <ObjectData ModelFileName="daimon_III_2.mesh" ScaleX="0.88" ScaleY="0.88" ScaleZ="0.88"
                  PositionX="1.42" PositionY="0.37" PositionZ="0.2"
                  OrientationW="1" OrientationX="0" OrientationY="0" OrientationZ="0" />
      <PhysicalObjectData CollisionModelFileName="daimon_III_2.obj" ObjectMass="0.05" ObjectMaterial="5" />
      <AliveObjectData ObjectMaximumLife="10" ObjectArmor="0" 
                       DestructionDelay="0" EffectMultiplierKill="1" EffectMultiplierDestroy="1"
                       EffectsMaskKill="00000001010000000000000000010110" EffectsMaskDestroy="00000001010000000000000000010110" />
      <ComponentData HullIndexParent="-1"
                     LocalDirectionX="0" LocalDirectionY="0" LocalDirectionZ="0" />
    </Hull>

    <Hull HullType="0">
      <ObjectData ModelFileName="daimon_III_2.mesh" ScaleX="0.88" ScaleY="0.88" ScaleZ="0.88"
                  PositionX="1.42" PositionY="-0.37" PositionZ="0.2"
                  OrientationW="0" OrientationX="1" OrientationY="0" OrientationZ="0" />
      <PhysicalObjectData CollisionModelFileName="daimon_III_2.obj" ObjectMass="0.05" ObjectMaterial="5" />
      <AliveObjectData ObjectMaximumLife="10" ObjectArmor="0" 
                       DestructionDelay="0" EffectMultiplierKill="1" EffectMultiplierDestroy="1"
                       EffectsMaskKill="00000001010000000000000000010110" EffectsMaskDestroy="00000001010000000000000000010110" />
      <ComponentData HullIndexParent="-1"
                     LocalDirectionX="0" LocalDirectionY="0" LocalDirectionZ="0" />
    </Hull>





    <!--***************************************************************************************************************-->
    <LINKS Number="20">

      <!-- Top hull - Top Weak ***************************************************************************************************************-->
      <Link LinkType="0">
        <LinkData HullIndexFirst="1" HullIndexSecond="2" 
                  Destructible="1" DestructionDelay="0" EffectMultiplierKill="1" EffectMultiplierDestroy="1"
                  EffectsMaskKill="00000000000000000000000000000101" EffectsMaskDestroy="00000000000000000000000000000000" />
      </Link>

      <!-- Main - Top weak ***************************************************************************************************************-->
      <Link LinkType="0">
        <LinkData HullIndexFirst="0" HullIndexSecond="1" 
                  Destructible="1" DestructionDelay="0" EffectMultiplierKill="1" EffectMultiplierDestroy="1"
                  EffectsMaskKill="00000000000000000000000000000101" EffectsMaskDestroy="00000000000000000000000000000000" />
      </Link>

      <!-- Main - Bottom weak ***************************************************************************************************************-->
      <Link LinkType="0">
        <LinkData HullIndexFirst="0" HullIndexSecond="3" 
                  Destructible="1" DestructionDelay="0" EffectMultiplierKill="1" EffectMultiplierDestroy="1"
                  EffectsMaskKill="00000000000000000000000000000101" EffectsMaskDestroy="00000000000000000000000000000000" />
      </Link>

      <!-- Bottom Weak - Bottom hull ***************************************************************************************************************-->
      <Link LinkType="0">
        <LinkData HullIndexFirst="3" HullIndexSecond="4" 
                  Destructible="1" DestructionDelay="0" EffectMultiplierKill="1" EffectMultiplierDestroy="1"
                  EffectsMaskKill="00000000000000000000000000000101" EffectsMaskDestroy="00000000000000000000000000000000" />
      </Link>

      <!-- Weak points right column - Main ***************************************************************************************************************-->
      <Link LinkType="0">
        <LinkData HullIndexFirst="0" HullIndexSecond="5" 
                  Destructible="1" DestructionDelay="0" EffectMultiplierKill="1" EffectMultiplierDestroy="1"
                  EffectsMaskKill="00000000000000000000000000000101" EffectsMaskDestroy="00000000000000000000000000000000" />
      </Link>
      <Link LinkType="0">
        <LinkData HullIndexFirst="0" HullIndexSecond="6" 
                  Destructible="1" DestructionDelay="0" EffectMultiplierKill="1" EffectMultiplierDestroy="1"
                  EffectsMaskKill="00000000000000000000000000000101" EffectsMaskDestroy="00000000000000000000000000000000" />
      </Link>
      <Link LinkType="0">
        <LinkData HullIndexFirst="0" HullIndexSecond="7" 
                  Destructible="1" DestructionDelay="0" EffectMultiplierKill="1" EffectMultiplierDestroy="1"
                  EffectsMaskKill="00000000000000000000000000000101" EffectsMaskDestroy="00000000000000000000000000000000" />
      </Link>
      <Link LinkType="0">
        <LinkData HullIndexFirst="0" HullIndexSecond="8" 
                  Destructible="1" DestructionDelay="0" EffectMultiplierKill="1" EffectMultiplierDestroy="1"
                  EffectsMaskKill="00000000000000000000000000000101" EffectsMaskDestroy="00000000000000000000000000000000" />
      </Link>

      <!-- Thorns right column - Weak points right column ***************************************************************************************************************-->
      <Link LinkType="0">
        <LinkData HullIndexFirst="6" HullIndexSecond="9" 
                  Destructible="1" DestructionDelay="0" EffectMultiplierKill="1" EffectMultiplierDestroy="1"
                  EffectsMaskKill="00000000000000000000000000000101" EffectsMaskDestroy="00000000000000000000000000000000" />
      </Link>
      <Link LinkType="0">
        <LinkData HullIndexFirst="7" HullIndexSecond="10" 
                  Destructible="1" DestructionDelay="0" EffectMultiplierKill="1" EffectMultiplierDestroy="1"
                  EffectsMaskKill="00000000000000000000000000000101" EffectsMaskDestroy="00000000000000000000000000000000" />
      </Link>

      <!-- Panels right column - Weak points right column ***************************************************************************************************************-->
      <Link LinkType="0">
        <LinkData HullIndexFirst="5" HullIndexSecond="11" 
                  Destructible="1" DestructionDelay="0" EffectMultiplierKill="1" EffectMultiplierDestroy="1"
                  EffectsMaskKill="00000000000000000000000000000101" EffectsMaskDestroy="00000000000000000000000000000000" />
      </Link>
      <Link LinkType="0">
        <LinkData HullIndexFirst="8" HullIndexSecond="12" 
                  Destructible="1" DestructionDelay="0" EffectMultiplierKill="1" EffectMultiplierDestroy="1"
                  EffectsMaskKill="00000000000000000000000000000101" EffectsMaskDestroy="00000000000000000000000000000000" />
      </Link>

      <!-- Weak points left column - Main ***************************************************************************************************************-->
      <Link LinkType="0">
        <LinkData HullIndexFirst="0" HullIndexSecond="13" 
                  Destructible="1" DestructionDelay="0" EffectMultiplierKill="1" EffectMultiplierDestroy="1"
                  EffectsMaskKill="00000000000000000000000000000101" EffectsMaskDestroy="00000000000000000000000000000000" />
      </Link>
      <Link LinkType="0">
        <LinkData HullIndexFirst="0" HullIndexSecond="14" 
                  Destructible="1" DestructionDelay="0" EffectMultiplierKill="1" EffectMultiplierDestroy="1"
                  EffectsMaskKill="00000000000000000000000000000101" EffectsMaskDestroy="00000000000000000000000000000000" />
      </Link>
      <Link LinkType="0">
        <LinkData HullIndexFirst="0" HullIndexSecond="15" 
                  Destructible="1" DestructionDelay="0" EffectMultiplierKill="1" EffectMultiplierDestroy="1"
                  EffectsMaskKill="00000000000000000000000000000101" EffectsMaskDestroy="00000000000000000000000000000000" />
      </Link>
      <Link LinkType="0">
        <LinkData HullIndexFirst="0" HullIndexSecond="16" 
                  Destructible="1" DestructionDelay="0" EffectMultiplierKill="1" EffectMultiplierDestroy="1"
                  EffectsMaskKill="00000000000000000000000000000101" EffectsMaskDestroy="00000000000000000000000000000000" />
      </Link>

      <!-- Thorns right column - Weak points right column ***************************************************************************************************************-->
      <Link LinkType="0">
        <LinkData HullIndexFirst="14" HullIndexSecond="17" 
                  Destructible="1" DestructionDelay="0" EffectMultiplierKill="1" EffectMultiplierDestroy="1"
                  EffectsMaskKill="00000000000000000000000000000101" EffectsMaskDestroy="00000000000000000000000000000000" />
      </Link>
      <Link LinkType="0">
        <LinkData HullIndexFirst="15" HullIndexSecond="18" 
                  Destructible="1" DestructionDelay="0" EffectMultiplierKill="1" EffectMultiplierDestroy="1"
                  EffectsMaskKill="00000000000000000000000000000101" EffectsMaskDestroy="00000000000000000000000000000000" />
      </Link>

      <!-- Panels right column - Weak points right column ***************************************************************************************************************-->
      <Link LinkType="0">
        <LinkData HullIndexFirst="13" HullIndexSecond="19" 
                  Destructible="1" DestructionDelay="0" EffectMultiplierKill="1" EffectMultiplierDestroy="1"
                  EffectsMaskKill="00000000000000000000000000000101" EffectsMaskDestroy="00000000000000000000000000000000" />
      </Link>
      <Link LinkType="0">
        <LinkData HullIndexFirst="16" HullIndexSecond="20" 
                  Destructible="1" DestructionDelay="0" EffectMultiplierKill="1" EffectMultiplierDestroy="1"
                  EffectsMaskKill="00000000000000000000000000000101" EffectsMaskDestroy="00000000000000000000000000000000" />
      </Link>

      <!-- Top Hull hair ***************************************************************************************************************-->
      <Link LinkType="1">
        <LinkData HullIndexFirst="2" HullIndexSecond="-1" 
                  Destructible="0" DestructionDelay="0" EffectMultiplierKill="1" EffectMultiplierDestroy="1"
                  EffectsMaskKill="00000000000000000000000000000000" EffectsMaskDestroy="00000000000000000000000000000000" />
        <LinkRopeData PositionFirstX="0" PositionFirstY="0.33" PositionFirstZ="0"
                      PositionSecondX="0" PositionSecondY="0.33" PositionSecondZ="-5"
                      RopeType="0" RopeElements="6" RopeMass="0.0" />
      </Link>

      <!-- Bottom Hull hair ***************************************************************************************************************-->
      <Link LinkType="1">
        <LinkData HullIndexFirst="4" HullIndexSecond="-1" 
                  Destructible="0" DestructionDelay="0" EffectMultiplierKill="1" EffectMultiplierDestroy="1"
                  EffectsMaskKill="00000000000000000000000000000000" EffectsMaskDestroy="00000000000000000000000000000000" />
        <LinkRopeData PositionFirstX="0" PositionFirstY="-0.33" PositionFirstZ="0"
                      PositionSecondX="0" PositionSecondY="-0.33" PositionSecondZ="-5"
                      RopeType="0" RopeElements="6" RopeMass="0.0" />
      </Link>


    </LINKS>
    <!--***************************************************************************************************************-->
  </HULL>
  <!--***************************************************************************************************************-->
  <REACTORS Number="3">
    <Reactor>
      <ObjectData ModelFileName="daimon_III_4.mesh" ScaleX="0.61" ScaleY="0.61" ScaleZ="0.61"
                  PositionX="0" PositionY="0" PositionZ="-0.365"
                  OrientationW="1" OrientationX="0" OrientationY="0" OrientationZ="0" />
      <PhysicalObjectData CollisionModelFileName="" ObjectMaterial="0" ObjectMass="0" />
      <AliveObjectData ObjectMaximumLife="100" ObjectArmor="0" 
                       DestructionDelay="0" EffectMultiplierKill="1" EffectMultiplierDestroy="1"
                       EffectsMaskKill="00000001010000000000000000010110" EffectsMaskDestroy="00000001010000000000000000010110" />
      <ComponentData HullIndexParent="0"
                     LocalDirectionX="0" LocalDirectionY="0" LocalDirectionZ="0" />
      <ReactorData ReactorEnergy="100000000" />
    </Reactor>
    <Reactor>
      <ObjectData ModelFileName="daimon_III_5.mesh" ScaleX="0.19" ScaleY="0.19" ScaleZ="0.19"
                  PositionX="-0.418416" PositionY="0" PositionZ="0.04"
                  OrientationW="1" OrientationX="0" OrientationY="0" OrientationZ="0" />
      <PhysicalObjectData CollisionModelFileName="" ObjectMaterial="0" ObjectMass="0" />
      <AliveObjectData ObjectMaximumLife="100" ObjectArmor="0" 
                       DestructionDelay="0" EffectMultiplierKill="1" EffectMultiplierDestroy="1"
                       EffectsMaskKill="00000001010000000000000000010110" EffectsMaskDestroy="00000001010000000000000000010110" />
      <ComponentData HullIndexParent="0"
                     LocalDirectionX="0" LocalDirectionY="0" LocalDirectionZ="0" />
      <ReactorData ReactorEnergy="100000000" />
    </Reactor>
    <Reactor>
      <ObjectData ModelFileName="daimon_III_5.mesh" ScaleX="0.19" ScaleY="0.19" ScaleZ="0.19"
                  PositionX="0.418416" PositionY="0" PositionZ="0.04"
                  OrientationW="1" OrientationX="0" OrientationY="0" OrientationZ="0" />
      <PhysicalObjectData CollisionModelFileName="" ObjectMaterial="0" ObjectMass="0" />
      <AliveObjectData ObjectMaximumLife="100" ObjectArmor="0" 
                       DestructionDelay="0" EffectMultiplierKill="1" EffectMultiplierDestroy="1"
                       EffectsMaskKill="00000001010000000000000000010110" EffectsMaskDestroy="00000001010000000000000000010110" />
      <ComponentData HullIndexParent="0"
                     LocalDirectionX="0" LocalDirectionY="0" LocalDirectionZ="0" />
      <ReactorData ReactorEnergy="100000000" />
    </Reactor>
  </REACTORS>
  <!--***************************************************************************************************************-->
  <WEAPONRYWEAPONSAI Number="1">
    <Weapon WeaponType="6">
      <ObjectData ModelFileName="" ScaleX="1.0" ScaleY="1.0" ScaleZ="1.0"
                  PositionX="0" PositionY="0" PositionZ="0"
                  OrientationW="1" OrientationX="0" OrientationY="0" OrientationZ="0" />
      <PhysicalObjectData CollisionModelFileName="" ObjectMaterial="0" ObjectMass="0" />
      <AliveObjectData ObjectMaximumLife="100" ObjectArmor="0" 
                       DestructionDelay="0" EffectMultiplierKill="1" EffectMultiplierDestroy="1"
                       EffectsMaskKill="00000001010000000000000000010110" EffectsMaskDestroy="00000001010000000000000000010110" />
      <ComponentData HullIndexParent="0"
                     LocalDirectionX="0" LocalDirectionY="0" LocalDirectionZ="1" />
      <WeaponData WeaponPriority="0" WeaponBehaviour="2" ReloadTime="1" HasLock="0"
                  AffectorType="-1"
                  AffectorScaleFactor="1" AffectorPowerFactor="1"
                  AffectorPositionX="0" AffectorPositionY="0" AffectorPositionZ="0" />
      <WeaponWithCannonsData MaximumTurretAngle="0" AccelerationAngular="0" MaximumSpeedAngular="0"
                             FiringOffsetLocalMultiplier="0" FiringOffsetToAddX="0" FiringOffsetToAddY="0" FiringOffsetToAddZ="0"
                             ReachDestinationAtFullAngularSpeed="0" AimApplyingForceToParentHull="0" />
      <WeaponLaserData FireDistance="1000" FireDamage="1000" WarmUpTime="5" CoolDownTime="5" MinimumFireTime="0" MaximumFireTime="5" Width="1" />
      <Cannons Number="1" FiringTurnMaximum="0" >
        <WeaponCannon>
          <WeaponCannonData FiringTurnStart="0" FiringTurnEnd="0" Roll="0"
                            FiringPositionX="0" FiringPositionY="0" FiringPositionZ="2"
                            FiringDirectionX="0" FiringDirectionY="0" FiringDirectionZ="1" />
        </WeaponCannon>
      </Cannons>
    </Weapon>
  </WEAPONRYWEAPONSAI>
  <!--***************************************************************************************************************-->
  <MOVEMENTAI AIModuleMovementType="6">
    <AIModuleMovementDirectData Acceleration="10" MinimumSpeed="0" MaximumSpeed="1000" ReachDestinationAtFullLinearSpeed="0" />
    <AIModuleMovementDirectWithOrientationData AccelerationAngular="0.2" MaximumSpeedAngular="1.0" ReachDestinationAtFullAngularSpeed="0" />
  </MOVEMENTAI>
  <!--***************************************************************************************************************-->
  <AIUNIT Number="1" UnitValue="50">
    <BehaviourUnitAIData AIFormationType="2" AIFormationSeparationMultiplier="1"
                         AIGroupBehaviourType="7" AIGroupBehaviourDistance="200" AIGroupAttackBehaviourType ="0" AIGroupAttackSpeed ="100"
                         AIBehaviourType="7" AIBehaviourDistance="200" AIAttackBehaviourType ="0" AIAttackSpeed ="100"/>
  </AIUNIT>
  <!--***************************************************************************************************************-->
</COMPOUND>
